,precision,recall,f1-score,support
Negative,0.3157894736842105,0.39,0.348993288590604,200.0
Neutral,0.39800995024875624,0.3508771929824561,0.372960372960373,228.0
Positive,0.267515923566879,0.23728813559322035,0.25149700598802394,177.0
accuracy,0.3305785123966942,0.3305785123966942,0.3305785123966942,0.3305785123966942
macro avg,0.3271051158332819,0.3260551095252255,0.32448355584633365,605.0
weighted avg,0.3326520361403241,0.3305785123966942,0.32950180630242326,605.0
