,precision,recall,f1-score,support,model,kappa
Negative,0.3172314347512617,0.4517453798767967,0.3727234222786955,974.0,SLM,-0.014817267536853196
Neutral,0.4107142857142857,0.020499108734402853,0.03904923599320883,1122.0,SLM,-0.014817267536853196
Positive,0.2903225806451613,0.49461206896551724,0.36588282184137105,928.0,SLM,-0.014817267536853196
accuracy,0.3048941798941799,0.3048941798941799,0.3048941798941799,0.3048941798941799,SLM,-0.014817267536853196
macro avg,0.33942276703690294,0.3222855191922389,0.25921849337109176,3024.0,SLM,-0.014817267536853196
weighted avg,0.3436587965799825,0.3048941798941799,0.24682047445523214,3024.0,SLM,-0.014817267536853196
