,precision,recall,f1-score,support,model,kappa
Negative,0.382522671063479,0.47638603696098564,0.42432556012802924,974.0,Baseline,0.0678914357226974
Neutral,0.3856613102595797,0.3280757097791798,0.35454545454545455,951.0,Baseline,0.0678914357226974
Positive,0.3694344163658243,0.3308189655172414,0.3490619670267197,928.0,Baseline,0.0678914357226974
accuracy,0.37960042060988436,0.37960042060988436,0.37960042060988436,0.37960042060988436,Baseline,0.0678914357226974
macro avg,0.379206132562961,0.3784269040858023,0.3759776605667345,2853.0,Baseline,0.0678914357226974
weighted avg,0.3793116460077721,0.37960042060988436,0.37658441228118605,2853.0,Baseline,0.0678914357226974
