,precision,recall,f1-score,support,model,kappa
Negative,0.3635670731707317,0.48973305954825463,0.41732283464566927,974.0,Baseline,0.07696730958709164
Neutral,0.4336842105263158,0.3672014260249554,0.39768339768339767,1122.0,Baseline,0.07696730958709164
Positive,0.36089238845144356,0.2963362068965517,0.3254437869822485,928.0,Baseline,0.07696730958709164
accuracy,0.38492063492063494,0.38492063492063494,0.38492063492063494,0.38492063492063494,Baseline,0.07696730958709164
macro avg,0.3860478907161637,0.38442356415658724,0.3801500064371052,3024.0,Baseline,0.07696730958709164
weighted avg,0.3887619543524334,0.38492063492063494,0.3818402934739354,3024.0,Baseline,0.07696730958709164
