,precision,recall,f1-score,support,model,kappa
Negative,0.33664349553128103,0.3480492813141684,0.34225138818778394,974.0,Ensemble,-0.008964873858188227
Neutral,0.32602739726027397,0.5005257623554153,0.39485690584819577,951.0,Ensemble,-0.008964873858188227
Positive,0.32124352331606215,0.1336206896551724,0.1887366818873668,928.0,Ensemble,-0.008964873858188227
accuracy,0.3291272344900105,0.3291272344900105,0.3291272344900105,0.3291272344900105,Ensemble,-0.008964873858188227
macro avg,0.3279714720358724,0.3273985777749187,0.3086149919744488,2853.0,Ensemble,-0.008964873858188227
weighted avg,0.32809562182940555,0.3291272344900105,0.309852579862605,2853.0,Ensemble,-0.008964873858188227
