,precision,recall,f1-score,support,model,kappa
Negative,0.31831537708129287,0.3336755646817248,0.3258145363408521,974.0,LLM,-0.0024987459389518296
Neutral,0.3682288496652465,0.5392156862745098,0.4376130198915009,1122.0,LLM,-0.0024987459389518296
Positive,0.31666666666666665,0.12284482758620689,0.17701863354037267,928.0,LLM,-0.0024987459389518296
accuracy,0.34523809523809523,0.34523809523809523,0.34523809523809523,0.34523809523809523,LLM,-0.0024987459389518296
macro avg,0.33440363113773536,0.3319120261808138,0.3134820632575752,3024.0,LLM,-0.0024987459389518296
weighted avg,0.3363289065040518,0.34523809523809523,0.32163308817451053,3024.0,LLM,-0.0024987459389518296
