,precision,recall,f1-score,support,model,kappa
Negative,0.3396029258098224,0.3336755646817248,0.33661315380631796,974.0,LLM,-0.0025964677470224906
Neutral,0.3303225806451613,0.5383806519453207,0.4094362255097961,951.0,LLM,-0.0025964677470224906
Positive,0.32947976878612717,0.12284482758620689,0.17896389324960754,928.0,LLM,-0.0025964677470224906
accuracy,0.3333333333333333,0.3333333333333333,0.3333333333333333,0.3333333333333333,LLM,-0.0025964677470224906
macro avg,0.3331350917470369,0.33163368140441746,0.30833775752190723,2853.0,LLM,-0.0025964677470224906
weighted avg,0.33321670149521254,0.3333333333333333,0.30960867690249055,2853.0,LLM,-0.0025964677470224906
