,precision,recall,f1-score,support,model,kappa
Negative,0.31564245810055863,0.3480492813141684,0.3310546875,974.0,Ensemble,-0.009822730027700066
Neutral,0.36310679611650487,0.5,0.42069741282339707,1122.0,Ensemble,-0.009822730027700066
Positive,0.30617283950617286,0.1336206896551724,0.18604651162790697,928.0,Ensemble,-0.009822730027700066
accuracy,0.3386243386243386,0.3386243386243386,0.3386243386243386,0.3386243386243386,Ensemble,-0.009822730027700066
macro avg,0.3283073645744121,0.32722332365644696,0.3125995373171014,3024.0,Ensemble,-0.009822730027700066
weighted avg,0.3303472137878277,0.3386243386243386,0.31981512090064457,3024.0,Ensemble,-0.009822730027700066
