,precision,recall,f1-score,support,model,kappa
Negative,0.3333333333333333,0.4517453798767967,0.3836094158674804,974.0,SLM,-0.018219660570979457
Neutral,0.32653061224489793,0.016824395373291272,0.032,951.0,SLM,-0.018219660570979457
Positive,0.30929919137466305,0.49461206896551724,0.3805970149253731,928.0,SLM,-0.018219660570979457
accuracy,0.3207150368033649,0.3207150368033649,0.3207150368033649,0.3207150368033649,SLM,-0.018219660570979457
macro avg,0.3230543789842981,0.3210606147385351,0.2654021435976178,2853.0,SLM,-0.018219660570979457
weighted avg,0.32324813477295894,0.3207150368033649,0.26542642863851107,2853.0,SLM,-0.018219660570979457
